{
  "model": "Llama-3.2-3B-Instruct-4bit",
  "add_1": {
    "addend": 1,
    "starts": [
      3,
      7,
      12,
      20,
      30
    ],
    "consistency": -0.03689481009316566,
    "prediction_similarity": 0.9325918734389717,
    "test_case": "40+1=41"
  },
  "add_2": {
    "addend": 2,
    "starts": [
      3,
      7,
      12,
      20,
      30
    ],
    "consistency": 0.027553366053255167,
    "prediction_similarity": 0.8327240549381791,
    "test_case": "40+2=42"
  },
  "add_3": {
    "addend": 3,
    "starts": [
      3,
      7,
      12,
      20,
      30
    ],
    "consistency": -0.06895127134446337,
    "prediction_similarity": 0.8457274763459416,
    "test_case": "40+3=43"
  },
  "add_5": {
    "addend": 5,
    "starts": [
      3,
      7,
      12,
      20,
      30
    ],
    "consistency": -0.0777621541269967,
    "prediction_similarity": 0.9424033092835941,
    "test_case": "40+5=45"
  },
  "add_10": {
    "addend": 10,
    "starts": [
      5,
      15,
      25,
      35
    ],
    "consistency": -0.1795289420810765,
    "prediction_similarity": 0.8527971364044883,
    "test_case": "45+10=55"
  },
  "doubling": {
    "numbers_tested": [
      2,
      3,
      5,
      7,
      10,
      12,
      15
    ],
    "direction_consistency": 0.025739948910437696,
    "scale_consistency": 0.9074475123148162,
    "average_scale": 0.9477523900149608
  },
  "squaring": {
    "numbers_tested": [
      2,
      3,
      4,
      5,
      6,
      7
    ],
    "direction_consistency": 0.12648999939710923,
    "squared_numbers": [
      4,
      9,
      16,
      25,
      36,
      49
    ],
    "3d_variance_coverage": 0.823937714099884
  },
  "number_line": {
    "numbers": [
      1,
      2,
      3,
      4,
      5,
      6,
      7,
      8,
      9,
      10,
      11,
      12,
      13,
      14,
      15,
      16,
      17,
      18,
      19,
      20
    ],
    "projection_number_correlation": 0.3639097744360902,
    "correlation_p_value": 0.11472526385210588,
    "linearity_score": 0.2175052908625239,
    "is_linear": false
  },
  "summary": {
    "avg_addition_consistency": -0.06711676231848943,
    "doubling_consistency": 0.025739948910437696,
    "squaring_consistency": 0.12648999939710923,
    "number_line_linearity": 0.2175052908625239
  }
}