{
  "structures": {
    "Llama-3.2-3B-Instruct-4bit": {
      "ratio_5_6_to_centroid": 0.5627596373500563,
      "squared_triangle_ratios": [
        0.795220673084259,
        0.9161300659179688,
        1.0
      ],
      "squaring_direction_consistency": 0.06987640261650085,
      "projection_residual_5": 16.068849563598633,
      "projection_coords_5": [
        60.836151123046875,
        6.775161266326904
      ]
    },
    "Mistral-7B-Instruct-v0.3-4bit": {
      "ratio_5_6_to_centroid": 1.0545155651328804,
      "squared_triangle_ratios": [
        0.914227306842804,
        0.8217436671257019,
        1.0
      ],
      "squaring_direction_consistency": 0.2938462495803833,
      "projection_residual_5": 14.19703197479248,
      "projection_coords_5": [
        -30.926992416381836,
        -10.077974319458008
      ]
    },
    "Qwen2.5-3B-Instruct-bf16": {
      "ratio_5_6_to_centroid": 2.129821997611248,
      "squared_triangle_ratios": [
        0.8831440210342407,
        0.8750612139701843,
        1.0
      ],
      "squaring_direction_consistency": 0.0021507153287529945,
      "projection_residual_5": 265.4306640625,
      "projection_coords_5": [
        -137.2540740966797,
        -55.62811279296875
      ]
    },
    "Qwen3-8B-4bit": {
      "ratio_5_6_to_centroid": 0.9323072610726781,
      "squared_triangle_ratios": [
        0.6146568655967712,
        0.8563980460166931,
        1.0
      ],
      "squaring_direction_consistency": 0.055377550423145294,
      "projection_residual_5": 598.6260986328125,
      "projection_coords_5": [
        -4319.82861328125,
        271.4947204589844
      ]
    }
  },
  "comparisons": [
    {
      "model_a": "Llama-3.2-3B-Instruct-4bit",
      "model_b": "Mistral-7B-Instruct-v0.3-4bit",
      "ratio_diff": 0.49175592778282406,
      "triangle_similarity": 0.9954008718884012,
      "procrustes_error": 1.0460752248764038,
      "position_5_similarity": 0.9105151209335178
    },
    {
      "model_a": "Llama-3.2-3B-Instruct-4bit",
      "model_b": "Qwen2.5-3B-Instruct-bf16",
      "ratio_diff": 1.5670623602611917,
      "triangle_similarity": 0.9982316712704231,
      "procrustes_error": 0.9399681091308594,
      "position_5_similarity": 0.9076629620990575
    },
    {
      "model_a": "Llama-3.2-3B-Instruct-4bit",
      "model_b": "Qwen3-8B-4bit",
      "ratio_diff": 0.36954762372262184,
      "triangle_similarity": 0.9951902378328912,
      "procrustes_error": 0.9825323224067688,
      "position_5_similarity": 0.9369370267887703
    },
    {
      "model_a": "Mistral-7B-Instruct-v0.3-4bit",
      "model_b": "Qwen2.5-3B-Instruct-bf16",
      "ratio_diff": 1.0753064324783677,
      "triangle_similarity": 0.9992701566156769,
      "procrustes_error": 0.9674744606018066,
      "position_5_similarity": 0.8735623541652655
    },
    {
      "model_a": "Mistral-7B-Instruct-v0.3-4bit",
      "model_b": "Qwen3-8B-4bit",
      "ratio_diff": 0.12220830406020222,
      "triangle_similarity": 0.9840137531974449,
      "procrustes_error": 0.9886767864227295,
      "position_5_similarity": 0.8447979170826807
    },
    {
      "model_a": "Qwen2.5-3B-Instruct-bf16",
      "model_b": "Qwen3-8B-4bit",
      "ratio_diff": 1.1975147365385699,
      "triangle_similarity": 0.9887581884033907,
      "procrustes_error": 0.7835195660591125,
      "position_5_similarity": 0.8379874592260627
    }
  ],
  "summary": {
    "avg_position_similarity": 0.8852438067158924,
    "avg_triangle_similarity": 0.993477479868038,
    "avg_procrustes_error": 0.9513744115829468
  }
}