{
  "model": "Llama-3.2-3B-Instruct-4bit",
  "position_test": {
    "dist_5_to_34": 16.58514976501465,
    "dist_6_to_34": 29.471107482910156,
    "5_closer": true
  },
  "direction_test": {
    "cos_5": -0.22252842662449632,
    "cos_6": 0.2904479176783064
  },
  "squared_triangle": {
    "d_9_16": 23.89534568786621,
    "d_16_25": 27.52851676940918,
    "d_9_25": 30.04869842529297
  },
  "squaring_direction": {
    "3_9_vs_4_16": 0.06987640261650085,
    "4_16_vs_5_25": 0.405625581741333,
    "3_9_vs_5_25": -0.01061111968010664,
    "avg_consistency": 0.1549636215592424
  }
}