{
  "model": "Qwen3-8B-4bit",
  "position_test": {
    "dist_5_to_34": 599.703857421875,
    "dist_6_to_34": 643.2470092773438,
    "5_closer": true
  },
  "direction_test": {
    "cos_5": -0.04629497047987633,
    "cos_6": 0.12736828910876669
  },
  "squared_triangle": {
    "d_9_16": 962.269775390625,
    "d_16_25": 1340.7252197265625,
    "d_9_25": 1565.539794921875
  },
  "squaring_direction": {
    "3_9_vs_4_16": 0.055377550423145294,
    "4_16_vs_5_25": 0.2509554922580719,
    "3_9_vs_5_25": 0.1448703557252884,
    "avg_consistency": 0.15040113280216852
  }
}