{
  "model": "Qwen2.5-3B-Instruct-bf16",
  "position_test": {
    "dist_5_to_34": 403.3797912597656,
    "dist_6_to_34": 189.39601135253906,
    "5_closer": false
  },
  "direction_test": {
    "cos_5": 0.02542049753447771,
    "cos_6": 0.1890140380564462
  },
  "squared_triangle": {
    "d_9_16": 302.5848388671875,
    "d_16_25": 299.81549072265625,
    "d_9_25": 342.622314453125
  },
  "squaring_direction": {
    "3_9_vs_4_16": 0.0021507153287529945,
    "4_16_vs_5_25": 0.11816070973873138,
    "3_9_vs_5_25": 0.19123509526252747,
    "avg_consistency": 0.10384884011000395
  }
}