{
  "model": "Mistral-7B-Instruct-v0.3-4bit",
  "position_test": {
    "dist_5_to_34": 14.555095672607422,
    "dist_6_to_34": 13.802637100219727,
    "5_closer": false
  },
  "direction_test": {
    "cos_5": 0.20756497701326843,
    "cos_6": 0.006035156552411944
  },
  "squared_triangle": {
    "d_9_16": 14.427276611328125,
    "d_16_25": 12.967806816101074,
    "d_9_25": 15.780841827392578
  },
  "squaring_direction": {
    "3_9_vs_4_16": 0.2938462495803833,
    "4_16_vs_5_25": 0.3753594160079956,
    "3_9_vs_5_25": -0.015967577695846558,
    "avg_consistency": 0.21774602929751077
  }
}