{
  "norm_encoding": {
    "correlation_linear": -0.43999999999999995,
    "correlation_squared": -0.43999999999999995,
    "formula_errors": [
      3.702468313377639,
      0.530724627733181,
      1.3994823228660105,
      2.197963971760975
    ],
    "mean_formula_error": 1.9576598089344515,
    "encodes_formula": 0
  },
  "direction_encoding": {
    "direction_consistency": 0.07866785675287247,
    "consistent_squaring_direction": 0
  },
  "pythagorean_surface": {
    "feature_separations": {
      "||a+b-c||": 0.10907062820174888,
      "cos(a+b,c)": 0.08009255880777151,
      "||a||\u00b2+||b||\u00b2-||c||\u00b2": 0.13803537509314032,
      "d(a,b)": 0.0,
      "d(a,c)": 0.0982213232396067,
      "d(b,c)": 0.12872378099485923
    },
    "classifier_accuracy": 0.5,
    "surface_separates_valid": false
  },
  "formula_recovery": {
    "r_squared": 1.0,
    "novel_errors": [
      11.781977949432871,
      0.006771055655726015,
      72.35314455595625,
      124.77958666750546
    ],
    "formula_recoverable": 1
  },
  "concept_position": {
    "residual_5_from_34_subspace": 0.8732662200927734,
    "residual_6_from_34_subspace": 0.3711436688899994,
    "5_more_aligned_than_6": 0,
    "angle_at_5": 33.26664879728257,
    "position_encodes_relationship": 0
  }
}