{
  "norm_encoding": {
    "correlation_linear": -0.7607692307692308,
    "correlation_squared": -0.7607692307692308,
    "formula_errors": [
      1.058652508640589,
      0.9236573727339417,
      2.8837715913107753,
      0.8369545196602025
    ],
    "mean_formula_error": 1.425758998086377,
    "encodes_formula": 0
  },
  "direction_encoding": {
    "direction_consistency": 0.14543603360652924,
    "consistent_squaring_direction": 0
  },
  "pythagorean_surface": {
    "feature_separations": {
      "||a+b-c||": 0.017680290998934766,
      "cos(a+b,c)": 0.0075260461249694426,
      "||a||\u00b2+||b||\u00b2-||c||\u00b2": 0.021849138458633136,
      "d(a,b)": 0.0,
      "d(a,c)": 0.045495232774395995,
      "d(b,c)": 0.03974882418504396
    },
    "classifier_accuracy": 0.5,
    "surface_separates_valid": false
  },
  "formula_recovery": {
    "r_squared": 1.0,
    "novel_errors": [
      35.17952319632419,
      42.05173992518295,
      65.67605178105136,
      89.73988123603657
    ],
    "formula_recoverable": 1
  },
  "concept_position": {
    "residual_5_from_34_subspace": 0.2936876118183136,
    "residual_6_from_34_subspace": 0.33206382393836975,
    "5_more_aligned_than_6": 1,
    "angle_at_5": 60.70495086850355,
    "position_encodes_relationship": 1
  }
}