{
  "model_name": "Qwen2.5-3B-Instruct-bf16",
  "embedding_dim": 2048,
  "curvature": {
    "mean_sectional_curvature": 0.0,
    "curvature_sign": "flat",
    "confidence": 0.0,
    "per_number_curvature": {
      "1": 0.0,
      "2": 0.0,
      "3": 0.0,
      "4": 0.0,
      "5": 0.0,
      "6": 0.0,
      "7": 0.0,
      "8": 0.0,
      "9": 0.0,
      "12": 0.0,
      "13": 0.0,
      "14": 0.0,
      "15": 0.0,
      "16": 0.0,
      "17": 0.0,
      "18": 0.0,
      "24": 0.0,
      "25": 0.0
    }
  },
  "geodesic_comparison": {
    "geodesic_5_to_34": 538.5997924804688,
    "geodesic_6_to_34": 223.6709747314453,
    "euclidean_5_to_34": 403.37982177734375,
    "euclidean_6_to_34": 189.3960418701172,
    "geodesic_ratio": 1.2580935624446057,
    "five_closer_geodesic": false,
    "five_closer_euclidean": false,
    "curvature_changes_answer": false
  },
  "pythagorean_structure": {
    "valid_triples_signature": [
      387.8769989013672,
      298.7609354654948,
      442.93556722005206,
      243.7023671468099,
      1.4316172227207147
    ],
    "invalid_triples_signature": [
      387.8769989013672,
      219.8389434814453,
      305.764404296875,
      301.9515380859375,
      0.8564676690012468
    ],
    "separation_score": 54.98349508001472,
    "five_geodesic_from_34_frechet": 404.7109069824219,
    "six_geodesic_from_34_frechet": 195.39231872558594,
    "position_test_passed": false,
    "squared_triangle_geodesic": {
      "9_16": 302.5848083496094,
      "16_25": 299.8155212402344,
      "9_25": 516.7726440429688
    },
    "squaring_direction_consistency": 0.10384881806870301
  },
  "intrinsic_dimension": null,
  "hypothesis_supported": false
}