{
  "model_name": "Qwen3-8B-4bit",
  "embedding_dim": 4096,
  "curvature": {
    "mean_sectional_curvature": 0.0,
    "curvature_sign": "flat",
    "confidence": 0.0,
    "per_number_curvature": {
      "1": 0.0,
      "2": 0.0,
      "3": 0.0,
      "4": 0.0,
      "5": 0.0,
      "6": 0.0,
      "7": 0.0,
      "8": 0.0,
      "9": 0.0,
      "12": 0.0,
      "13": 0.0,
      "14": 0.0,
      "15": 0.0,
      "16": 0.0,
      "17": 0.0,
      "18": 0.0,
      "24": 0.0,
      "25": 0.0
    }
  },
  "geodesic_comparison": {
    "geodesic_5_to_34": 688.7895812988281,
    "geodesic_6_to_34": 726.1422119140625,
    "euclidean_5_to_34": 599.7040405273438,
    "euclidean_6_to_34": 643.2471313476562,
    "geodesic_ratio": 1.1387094499779469,
    "five_closer_geodesic": true,
    "five_closer_euclidean": true,
    "curvature_changes_answer": false
  },
  "pythagorean_structure": {
    "valid_triples_signature": [
      873.1980794270834,
      748.4591674804688,
      1118.91455078125,
      502.74269612630206,
      1.2539623785881246
    ],
    "invalid_triples_signature": [
      873.1980794270834,
      1081.4397379557292,
      1148.4961344401042,
      806.1416829427084,
      1.2980185351827875
    ],
    "separation_score": 133.20103942142313,
    "five_geodesic_from_34_frechet": 600.4031982421875,
    "six_geodesic_from_34_frechet": 655.3380737304688,
    "position_test_passed": true,
    "squared_triangle_geodesic": {
      "9_16": 962.2681274414062,
      "16_25": 1340.7281494140625,
      "9_25": 1948.791748046875
    },
    "squaring_direction_consistency": 0.15040110051631927
  },
  "intrinsic_dimension": null,
  "hypothesis_supported": true
}